customer_id,first_name,last_name,email,city,state,registration_date
1,Rahul,Sharma,rahul.sharma@email.com,Mumbai,Maharashtra,2022-01-15
2,Priya,Patel,priya.patel@email.com,Ahmedabad,Gujarat,2022-01-20
3,Amit,Singh,amit.singh@email.com,Delhi,Delhi,2022-02-10
4,Sneha,Gupta,sneha.gupta@email.com,Bangalore,Karnataka,2022-02-14
5,Vikram,Reddy,vikram.reddy@email.com,Hyderabad,Telangana,2022-02-28
6,Neha,Joshi,neha.joshi@email.com,Pune,Maharashtra,2022-03-05
7,Arjun,Kumar,arjun.kumar@email.com,Chennai,Tamil Nadu,2022-03-12
8,Pooja,Mehta,pooja.mehta@email.com,Mumbai,Maharashtra,2022-03-18
9,Rohan,Verma,rohan.verma@email.com,Jaipur,Rajasthan,2022-03-25
10,Divya,Nair,divya.nair@email.com,Kochi,Kerala,2022-04-01
11,Sanjay,Mishra,sanjay.mishra@email.com,Lucknow,Uttar Pradesh,2022-04-10
12,Anita,Rao,anita.rao@email.com,Bangalore,Karnataka,2022-04-15
13,Deepak,Chopra,deepak.chopra@email.com,Delhi,Delhi,2022-04-20
14,Kavita,Shah,kavita.shah@email.com,Surat,Gujarat,2022-05-01
15,Rajesh,Iyer,rajesh.iyer@email.com,Chennai,Tamil Nadu,2022-05-08
16,Ritu,Malhotra,ritu.malhotra@email.com,Chandigarh,Punjab,2022-05-15
17,Kiran,Desai,kiran.desai@email.com,Pune,Maharashtra,2022-05-22
18,Meera,Banerjee,meera.banerjee@email.com,Kolkata,West Bengal,2022-06-01
19,Manoj,Thakur,manoj.thakur@email.com,Bhopal,Madhya Pradesh,2022-06-10
20,Shruti,Kapoor,shruti.kapoor@email.com,Delhi,Delhi,2022-06-15
21,Nitin,Agarwal,nitin.agarwal@email.com,Noida,Uttar Pradesh,2022-06-20
22,Swati,Das,swati.das@email.com,Kolkata,West Bengal,2022-06-25
23,Sachin,Pandey,sachin.pandey@email.com,Lucknow,Uttar Pradesh,2022-07-01
24,Sunita,Chauhan,sunita.chauhan@email.com,Jaipur,Rajasthan,2022-07-08
25,Vikas,Saxena,vikas.saxena@email.com,Indore,Madhya Pradesh,2022-07-15
26,Rekha,Yadav,rekha.yadav@email.com,Patna,Bihar,2022-07-22
27,Ajay,Jain,ajay.jain@email.com,Mumbai,Maharashtra,2022-07-28
28,Komal,Tiwari,komal.tiwari@email.com,Bhopal,Madhya Pradesh,2022-08-05
29,Ravi,Kulkarni,ravi.kulkarni@email.com,Bangalore,Karnataka,2022-08-10
30,Anju,Pillai,anju.pillai@email.com,Hyderabad,Telangana,2022-08-15
31,Sunil,Patil,sunil.patil@email.com,Ahmedabad,Gujarat,2022-08-20
32,Nisha,Bhatia,nisha.bhatia@email.com,Delhi,Delhi,2022-08-25
33,Akash,Dubey,akash.dubey@email.com,Noida,Uttar Pradesh,2022-09-01
34,Pallavi,Gokhale,pallavi.gokhale@email.com,Pune,Maharashtra,2022-09-05
35,Pradeep,Menon,pradeep.menon@email.com,Mumbai,Maharashtra,2022-09-10
36,Suman,Nambiar,suman.nambiar@email.com,Kochi,Kerala,2022-09-15
37,Varun,Chadha,varun.chadha@email.com,Surat,Gujarat,2022-09-20
38,Bhavna,Trivedi,bhavna.trivedi@email.com,Lucknow,Uttar Pradesh,2022-09-25
39,Gaurav,Hegde,gaurav.hegde@email.com,Hyderabad,Telangana,2022-10-01
40,Ankita,Shetty,ankita.shetty@email.com,Pune,Maharashtra,2022-10-05
41,Harsh,Tandon,harsh.tandon@email.com,Delhi,Delhi,2022-10-10
42,Aisha,Qureshi,aisha.qureshi@email.com,Mumbai,Maharashtra,2022-10-15
43,Kunal,Bhatt,kunal.bhatt@email.com,Bangalore,Karnataka,2022-10-20
44,Tanya,Kaur,tanya.kaur@email.com,Chandigarh,Punjab,2022-10-25
45,Siddharth,Mukherjee,siddharth.mukherjee@email.com,Chennai,Tamil Nadu,2022-11-01
46,Rashi,Arora,rashi.arora@email.com,Noida,Uttar Pradesh,2022-11-05
47,Ankit,Bose,ankit.bose@email.com,Kolkata,West Bengal,2022-11-10
48,Ishita,Rathore,ishita.rathore@email.com,Jaipur,Rajasthan,2022-11-15
49,Naveen,Deshpande,naveen.deshpande@email.com,Delhi,Delhi,2022-11-20
50,Jyoti,Mohan,jyoti.mohan@email.com,Indore,Madhya Pradesh,2022-11-25
51,Abhishek,Sen,abhishek.sen@email.com,Kolkata,West Bengal,2022-12-01
52,Manisha,Tiwari,manisha.tiwari@email.com,Lucknow,Uttar Pradesh,2022-12-05
53,Tushar,Rajan,tushar.rajan@email.com,Jaipur,Rajasthan,2022-12-10
54,Shweta,Prasad,shweta.prasad@email.com,Patna,Bihar,2022-12-15
55,Mohit,Khandelwal,mohit.khandelwal@email.com,Mumbai,Maharashtra,2022-12-20
56,Sapna,Venkatesh,sapna.venkatesh@email.com,Bangalore,Karnataka,2022-12-25
57,Ashok,Modi,ashok.modi@email.com,Ahmedabad,Gujarat,2023-01-01
58,Geeta,Lal,geeta.lal@email.com,Delhi,Delhi,2023-01-08
59,Pankaj,Subramaniam,pankaj.subramaniam@email.com,Chennai,Tamil Nadu,2023-01-15
60,Archana,Pawar,archana.pawar@email.com,Pune,Maharashtra,2023-01-22
61,Yash,Dhawan,yash.dhawan@email.com,Mumbai,Maharashtra,2023-02-01
62,Aman,Naidu,aman.naidu@email.com,Hyderabad,Telangana,2023-02-10
63,Vivek,Warrier,vivek.warrier@email.com,Kochi,Kerala,2023-02-18
64,Ramesh,Gandhi,ramesh.gandhi@email.com,Surat,Gujarat,2023-02-25
65,Dev,Saxena,dev.saxena@email.com,Lucknow,Uttar Pradesh,2023-03-05
66,Tarun,Gowda,tarun.gowda@email.com,Bangalore,Karnataka,2023-03-12
67,Pranav,Kulkarni,pranav.kulkarni@email.com,Pune,Maharashtra,2023-03-20
68,Jay,Sinha,jay.sinha@email.com,Delhi,Delhi,2023-03-28
69,Suresh,Nayak,suresh.nayak@email.com,Mumbai,Maharashtra,2023-04-05
70,Anil,Khanna,anil.khanna@email.com,Ahmedabad,Gujarat,2023-04-12
71,Rohini,Dutta,rohini.dutta@email.com,Chandigarh,Punjab,2023-04-20
72,Preeti,Mani,preeti.mani@email.com,Chennai,Tamil Nadu,2023-04-28
73,Megha,Rastogi,megha.rastogi@email.com,Noida,Uttar Pradesh,2023-05-05
74,Rakesh,Roy,rakesh.roy@email.com,Kolkata,West Bengal,2023-05-12
75,Usha,Pandey,usha.pandey@email.com,Bhopal,Madhya Pradesh,2023-05-20
76,Dinesh,Kapoor,dinesh.kapoor@email.com,Delhi,Delhi,2023-05-28
77,Lata,Iyer,lata.iyer@email.com,Indore,Madhya Pradesh,2023-06-05
78,Hemant,Ghosh,hemant.ghosh@email.com,Kolkata,West Bengal,2023-06-12
79,Seema,Chauhan,seema.chauhan@email.com,Lucknow,Uttar Pradesh,2023-06-20
80,Vijay,Thakkar,vijay.thakkar@email.com,Jaipur,Rajasthan,2023-06-28
81,Radha,Mishra,radha.mishra@email.com,Patna,Bihar,2023-07-05
82,Mohan,Jain,mohan.jain@email.com,Mumbai,Maharashtra,2023-07-12
83,Alok,Saini,alok.saini@email.com,Bangalore,Karnataka,2023-07-20
84,Sonia,Bajaj,sonia.bajaj@email.com,Ahmedabad,Gujarat,2023-07-28
85,Girish,Rawat,girish.rawat@email.com,Delhi,Delhi,2023-08-05
86,Prema,Nair,prema.nair@email.com,Chennai,Tamil Nadu,2023-08-12
87,Neeraj,Patil,neeraj.patil@email.com,Pune,Maharashtra,2023-08-20
88,Rita,Bhargava,rita.bhargava@email.com,Mumbai,Maharashtra,2023-08-28
89,Sandip,Reddy,sandip.reddy@email.com,Hyderabad,Telangana,2023-09-05
90,Kamla,Menon,kamla.menon@email.com,Kochi,Kerala,2023-09-12
91,Deepa,Shah,deepa.shah@email.com,Surat,Gujarat,2023-09-20
92,Vinod,Tiwari,vinod.tiwari@email.com,Lucknow,Uttar Pradesh,2023-09-28
93,Aarti,Gowda,aarti.gowda@email.com,Bangalore,Karnataka,2023-10-05
94,Gopal,Marathe,gopal.marathe@email.com,Pune,Maharashtra,2023-10-12
95,Pushpa,Anand,pushpa.anand@email.com,Delhi,Delhi,2023-10-20
96,Trilok,Desai,trilok.desai@email.com,Mumbai,Maharashtra,2023-11-01
97,Uma,Rao,uma.rao@email.com,Ahmedabad,Gujarat,2023-11-10
98,Naresh,Malhotra,naresh.malhotra@email.com,Chandigarh,Punjab,2023-11-18
99,Hema,Krishnan,hema.krishnan@email.com,Chennai,Tamil Nadu,2023-11-25
100,Brijesh,Agarwal,brijesh.agarwal@email.com,Noida,Uttar Pradesh,2023-12-05
101,Vihaan,Patel,vihaan.patel101@email.com,Delhi,Delhi,2023-04-12
102,Aditya,Singh,aditya.singh102@email.com,Bangalore,Karnataka,2023-04-13
103,Arjun,Gupta,arjun.gupta103@email.com,Hyderabad,Telangana,2023-04-14
104,Sai,Kumar,sai.kumar104@email.com,Ahmedabad,Gujarat,2023-04-15
105,Ayaan,Reddy,ayaan.reddy105@email.com,Chennai,Tamil Nadu,2023-04-16
106,Krishna,Joshi,krishna.joshi106@email.com,Kolkata,West Bengal,2023-04-17
107,Ishaan,Mehta,ishaan.mehta107@email.com,Surat,Gujarat,2023-04-18
108,Shaurya,Chauhan,shaurya.chauhan108@email.com,Pune,Maharashtra,2023-04-19
109,Atharv,Nair,atharv.nair109@email.com,Jaipur,Rajasthan,2023-04-20
110,Diya,Sharma,diya.sharma110@email.com,Mumbai,Maharashtra,2023-04-21
111,Isha,Patel,isha.patel111@email.com,Delhi,Delhi,2023-04-22
112,Kavya,Singh,kavya.singh112@email.com,Bangalore,Karnataka,2023-04-23
113,Ananya,Gupta,ananya.gupta113@email.com,Hyderabad,Telangana,2023-04-24
114,Aadhya,Kumar,aadhya.kumar114@email.com,Ahmedabad,Gujarat,2023-04-25
115,Riya,Reddy,riya.reddy115@email.com,Chennai,Tamil Nadu,2023-04-26
116,Aarohi,Joshi,aarohi.joshi116@email.com,Kolkata,West Bengal,2023-04-27
117,Avni,Mehta,avni.mehta117@email.com,Surat,Gujarat,2023-04-28
118,Khushi,Chauhan,khushi.chauhan118@email.com,Pune,Maharashtra,2023-04-29
119,Neha,Nair,neha.nair119@email.com,Jaipur,Rajasthan,2023-04-30
120,Aarav,Sharma,aarav.sharma120@email.com,Mumbai,Maharashtra,2023-05-01
121,Vihaan,Patel,vihaan.patel121@email.com,Delhi,Delhi,2023-05-02
122,Aditya,Singh,aditya.singh122@email.com,Bangalore,Karnataka,2023-05-03
123,Arjun,Gupta,arjun.gupta123@email.com,Hyderabad,Telangana,2023-05-04
124,Sai,Kumar,sai.kumar124@email.com,Ahmedabad,Gujarat,2023-05-05
125,Ayaan,Reddy,ayaan.reddy125@email.com,Chennai,Tamil Nadu,2023-05-06
126,Krishna,Joshi,krishna.joshi126@email.com,Kolkata,West Bengal,2023-05-07
127,Ishaan,Mehta,ishaan.mehta127@email.com,Surat,Gujarat,2023-05-08
128,Shaurya,Chauhan,shaurya.chauhan128@email.com,Pune,Maharashtra,2023-05-09
129,Atharv,Nair,atharv.nair129@email.com,Jaipur,Rajasthan,2023-05-10
130,Diya,Sharma,diya.sharma130@email.com,Mumbai,Maharashtra,2023-05-11
131,Isha,Patel,isha.patel131@email.com,Delhi,Delhi,2023-05-12
132,Kavya,Singh,kavya.singh132@email.com,Bangalore,Karnataka,2023-05-13
133,Ananya,Gupta,ananya.gupta133@email.com,Hyderabad,Telangana,2023-05-14
134,Aadhya,Kumar,aadhya.kumar134@email.com,Ahmedabad,Gujarat,2023-05-15
135,Riya,Reddy,riya.reddy135@email.com,Chennai,Tamil Nadu,2023-05-16
136,Aarohi,Joshi,aarohi.joshi136@email.com,Kolkata,West Bengal,2023-05-17
137,Avni,Mehta,avni.mehta137@email.com,Surat,Gujarat,2023-05-18
138,Khushi,Chauhan,khushi.chauhan138@email.com,Pune,Maharashtra,2023-05-19
139,Neha,Nair,neha.nair139@email.com,Jaipur,Rajasthan,2023-05-20
140,Aarav,Sharma,aarav.sharma140@email.com,Mumbai,Maharashtra,2023-05-21
141,Vihaan,Patel,vihaan.patel141@email.com,Delhi,Delhi,2023-05-22
142,Aditya,Singh,aditya.singh142@email.com,Bangalore,Karnataka,2023-05-23
143,Arjun,Gupta,arjun.gupta143@email.com,Hyderabad,Telangana,2023-05-24
144,Sai,Kumar,sai.kumar144@email.com,Ahmedabad,Gujarat,2023-05-25
145,Ayaan,Reddy,ayaan.reddy145@email.com,Chennai,Tamil Nadu,2023-05-26
146,Krishna,Joshi,krishna.joshi146@email.com,Kolkata,West Bengal,2023-05-27
147,Ishaan,Mehta,ishaan.mehta147@email.com,Surat,Gujarat,2023-05-28
148,Shaurya,Chauhan,shaurya.chauhan148@email.com,Pune,Maharashtra,2023-05-29
149,Atharv,Nair,atharv.nair149@email.com,Jaipur,Rajasthan,2023-05-30
150,Diya,Sharma,diya.sharma150@email.com,Mumbai,Maharashtra,2023-05-31
151,Isha,Patel,isha.patel151@email.com,Delhi,Delhi,2023-06-01
152,Kavya,Singh,kavya.singh152@email.com,Bangalore,Karnataka,2023-06-02
153,Ananya,Gupta,ananya.gupta153@email.com,Hyderabad,Telangana,2023-06-03
154,Aadhya,Kumar,aadhya.kumar154@email.com,Ahmedabad,Gujarat,2023-06-04
155,Riya,Reddy,riya.reddy155@email.com,Chennai,Tamil Nadu,2023-06-05
156,Aarohi,Joshi,aarohi.joshi156@email.com,Kolkata,West Bengal,2023-06-06
157,Avni,Mehta,avni.mehta157@email.com,Surat,Gujarat,2023-06-07
158,Khushi,Chauhan,khushi.chauhan158@email.com,Pune,Maharashtra,2023-06-08
159,Neha,Nair,neha.nair159@email.com,Jaipur,Rajasthan,2023-06-09
160,Aarav,Sharma,aarav.sharma160@email.com,Mumbai,Maharashtra,2023-06-10
161,Vihaan,Patel,vihaan.patel161@email.com,Delhi,Delhi,2023-06-11
162,Aditya,Singh,aditya.singh162@email.com,Bangalore,Karnataka,2023-06-12
163,Arjun,Gupta,arjun.gupta163@email.com,Hyderabad,Telangana,2023-06-13
164,Sai,Kumar,sai.kumar164@email.com,Ahmedabad,Gujarat,2023-06-14
165,Ayaan,Reddy,ayaan.reddy165@email.com,Chennai,Tamil Nadu,2023-06-15
166,Krishna,Joshi,krishna.joshi166@email.com,Kolkata,West Bengal,2023-06-16
167,Ishaan,Mehta,ishaan.mehta167@email.com,Surat,Gujarat,2023-06-17
168,Shaurya,Chauhan,shaurya.chauhan168@email.com,Pune,Maharashtra,2023-06-18
169,Atharv,Nair,atharv.nair169@email.com,Jaipur,Rajasthan,2023-06-19
170,Diya,Sharma,diya.sharma170@email.com,Mumbai,Maharashtra,2023-06-20
171,Isha,Patel,isha.patel171@email.com,Delhi,Delhi,2023-06-21
172,Kavya,Singh,kavya.singh172@email.com,Bangalore,Karnataka,2023-06-22
173,Ananya,Gupta,ananya.gupta173@email.com,Hyderabad,Telangana,2023-06-23
174,Aadhya,Kumar,aadhya.kumar174@email.com,Ahmedabad,Gujarat,2023-06-24
175,Riya,Reddy,riya.reddy175@email.com,Chennai,Tamil Nadu,2023-06-25
176,Aarohi,Joshi,aarohi.joshi176@email.com,Kolkata,West Bengal,2023-06-26
177,Avni,Mehta,avni.mehta177@email.com,Surat,Gujarat,2023-06-27
178,Khushi,Chauhan,khushi.chauhan178@email.com,Pune,Maharashtra,2023-06-28
179,Neha,Nair,neha.nair179@email.com,Jaipur,Rajasthan,2023-06-29
180,Aarav,Sharma,aarav.sharma180@email.com,Mumbai,Maharashtra,2023-06-30
181,Vihaan,Patel,vihaan.patel181@email.com,Delhi,Delhi,2023-07-01
182,Aditya,Singh,aditya.singh182@email.com,Bangalore,Karnataka,2023-07-02
183,Arjun,Gupta,arjun.gupta183@email.com,Hyderabad,Telangana,2023-07-03
184,Sai,Kumar,sai.kumar184@email.com,Ahmedabad,Gujarat,2023-07-04
185,Ayaan,Reddy,ayaan.reddy185@email.com,Chennai,Tamil Nadu,2023-07-05
186,Krishna,Joshi,krishna.joshi186@email.com,Kolkata,West Bengal,2023-07-06
187,Ishaan,Mehta,ishaan.mehta187@email.com,Surat,Gujarat,2023-07-07
188,Shaurya,Chauhan,shaurya.chauhan188@email.com,Pune,Maharashtra,2023-07-08
189,Atharv,Nair,atharv.nair189@email.com,Jaipur,Rajasthan,2023-07-09
190,Diya,Sharma,diya.sharma190@email.com,Mumbai,Maharashtra,2023-07-10
191,Isha,Patel,isha.patel191@email.com,Delhi,Delhi,2023-07-11
192,Kavya,Singh,kavya.singh192@email.com,Bangalore,Karnataka,2023-07-12
193,Ananya,Gupta,ananya.gupta193@email.com,Hyderabad,Telangana,2023-07-13
194,Aadhya,Kumar,aadhya.kumar194@email.com,Ahmedabad,Gujarat,2023-07-14
195,Riya,Reddy,riya.reddy195@email.com,Chennai,Tamil Nadu,2023-07-15
196,Aarohi,Joshi,aarohi.joshi196@email.com,Kolkata,West Bengal,2023-07-16
197,Avni,Mehta,avni.mehta197@email.com,Surat,Gujarat,2023-07-17
198,Khushi,Chauhan,khushi.chauhan198@email.com,Pune,Maharashtra,2023-07-18
199,Neha,Nair,neha.nair199@email.com,Jaipur,Rajasthan,2023-07-19
200,Aarav,Sharma,aarav.sharma200@email.com,Mumbai,Maharashtra,2023-07-20
201,Vihaan,Patel,vihaan.patel201@email.com,Delhi,Delhi,2023-07-21
202,Aditya,Singh,aditya.singh202@email.com,Bangalore,Karnataka,2023-07-22
203,Arjun,Gupta,arjun.gupta203@email.com,Hyderabad,Telangana,2023-07-23
204,Sai,Kumar,sai.kumar204@email.com,Ahmedabad,Gujarat,2023-07-24
205,Ayaan,Reddy,ayaan.reddy205@email.com,Chennai,Tamil Nadu,2023-07-25
206,Krishna,Joshi,krishna.joshi206@email.com,Kolkata,West Bengal,2023-07-26
207,Ishaan,Mehta,ishaan.mehta207@email.com,Surat,Gujarat,2023-07-27
208,Shaurya,Chauhan,shaurya.chauhan208@email.com,Pune,Maharashtra,2023-07-28
209,Atharv,Nair,atharv.nair209@email.com,Jaipur,Rajasthan,2023-07-29
210,Diya,Sharma,diya.sharma210@email.com,Mumbai,Maharashtra,2023-07-30
211,Isha,Patel,isha.patel211@email.com,Delhi,Delhi,2023-07-31
212,Kavya,Singh,kavya.singh212@email.com,Bangalore,Karnataka,2023-08-01
213,Ananya,Gupta,ananya.gupta213@email.com,Hyderabad,Telangana,2023-08-02
214,Aadhya,Kumar,aadhya.kumar214@email.com,Ahmedabad,Gujarat,2023-08-03
215,Riya,Reddy,riya.reddy215@email.com,Chennai,Tamil Nadu,2023-08-04
216,Aarohi,Joshi,aarohi.joshi216@email.com,Kolkata,West Bengal,2023-08-05
217,Avni,Mehta,avni.mehta217@email.com,Surat,Gujarat,2023-08-06
218,Khushi,Chauhan,khushi.chauhan218@email.com,Pune,Maharashtra,2023-08-07
219,Neha,Nair,neha.nair219@email.com,Jaipur,Rajasthan,2023-08-08
220,Aarav,Sharma,aarav.sharma220@email.com,Mumbai,Maharashtra,2023-08-09
221,Vihaan,Patel,vihaan.patel221@email.com,Delhi,Delhi,2023-08-10
222,Aditya,Singh,aditya.singh222@email.com,Bangalore,Karnataka,2023-08-11
223,Arjun,Gupta,arjun.gupta223@email.com,Hyderabad,Telangana,2023-08-12
224,Sai,Kumar,sai.kumar224@email.com,Ahmedabad,Gujarat,2023-08-13
225,Ayaan,Reddy,ayaan.reddy225@email.com,Chennai,Tamil Nadu,2023-08-14
226,Krishna,Joshi,krishna.joshi226@email.com,Kolkata,West Bengal,2023-08-15
227,Ishaan,Mehta,ishaan.mehta227@email.com,Surat,Gujarat,2023-08-16
228,Shaurya,Chauhan,shaurya.chauhan228@email.com,Pune,Maharashtra,2023-08-17
229,Atharv,Nair,atharv.nair229@email.com,Jaipur,Rajasthan,2023-08-18
230,Diya,Sharma,diya.sharma230@email.com,Mumbai,Maharashtra,2023-08-19
231,Isha,Patel,isha.patel231@email.com,Delhi,Delhi,2023-08-20
232,Kavya,Singh,kavya.singh232@email.com,Bangalore,Karnataka,2023-08-21
233,Ananya,Gupta,ananya.gupta233@email.com,Hyderabad,Telangana,2023-08-22
234,Aadhya,Kumar,aadhya.kumar234@email.com,Ahmedabad,Gujarat,2023-08-23
235,Riya,Reddy,riya.reddy235@email.com,Chennai,Tamil Nadu,2023-08-24
236,Aarohi,Joshi,aarohi.joshi236@email.com,Kolkata,West Bengal,2023-08-25
237,Avni,Mehta,avni.mehta237@email.com,Surat,Gujarat,2023-08-26
238,Khushi,Chauhan,khushi.chauhan238@email.com,Pune,Maharashtra,2023-08-27
239,Neha,Nair,neha.nair239@email.com,Jaipur,Rajasthan,2023-08-28
240,Aarav,Sharma,aarav.sharma240@email.com,Mumbai,Maharashtra,2023-08-29
241,Vihaan,Patel,vihaan.patel241@email.com,Delhi,Delhi,2023-08-30
242,Aditya,Singh,aditya.singh242@email.com,Bangalore,Karnataka,2023-08-31
243,Arjun,Gupta,arjun.gupta243@email.com,Hyderabad,Telangana,2023-09-01
244,Sai,Kumar,sai.kumar244@email.com,Ahmedabad,Gujarat,2023-09-02
245,Ayaan,Reddy,ayaan.reddy245@email.com,Chennai,Tamil Nadu,2023-09-03
246,Krishna,Joshi,krishna.joshi246@email.com,Kolkata,West Bengal,2023-09-04
247,Ishaan,Mehta,ishaan.mehta247@email.com,Surat,Gujarat,2023-09-05
248,Shaurya,Chauhan,shaurya.chauhan248@email.com,Pune,Maharashtra,2023-09-06
249,Atharv,Nair,atharv.nair249@email.com,Jaipur,Rajasthan,2023-09-07
250,Diya,Sharma,diya.sharma250@email.com,Mumbai,Maharashtra,2023-09-08
251,Isha,Patel,isha.patel251@email.com,Delhi,Delhi,2023-09-09
252,Kavya,Singh,kavya.singh252@email.com,Bangalore,Karnataka,2023-09-10
253,Ananya,Gupta,ananya.gupta253@email.com,Hyderabad,Telangana,2023-09-11
254,Aadhya,Kumar,aadhya.kumar254@email.com,Ahmedabad,Gujarat,2023-09-12
255,Riya,Reddy,riya.reddy255@email.com,Chennai,Tamil Nadu,2023-09-13
256,Aarohi,Joshi,aarohi.joshi256@email.com,Kolkata,West Bengal,2023-09-14
257,Avni,Mehta,avni.mehta257@email.com,Surat,Gujarat,2023-09-15
258,Khushi,Chauhan,khushi.chauhan258@email.com,Pune,Maharashtra,2023-09-16
259,Neha,Nair,neha.nair259@email.com,Jaipur,Rajasthan,2023-09-17
260,Aarav,Sharma,aarav.sharma260@email.com,Mumbai,Maharashtra,2023-09-18
261,Vihaan,Patel,vihaan.patel261@email.com,Delhi,Delhi,2023-09-19
262,Aditya,Singh,aditya.singh262@email.com,Bangalore,Karnataka,2023-09-20
263,Arjun,Gupta,arjun.gupta263@email.com,Hyderabad,Telangana,2023-09-21
264,Sai,Kumar,sai.kumar264@email.com,Ahmedabad,Gujarat,2023-09-22
265,Ayaan,Reddy,ayaan.reddy265@email.com,Chennai,Tamil Nadu,2023-09-23
266,Krishna,Joshi,krishna.joshi266@email.com,Kolkata,West Bengal,2023-09-24
267,Ishaan,Mehta,ishaan.mehta267@email.com,Surat,Gujarat,2023-09-25
268,Shaurya,Chauhan,shaurya.chauhan268@email.com,Pune,Maharashtra,2023-09-26
269,Atharv,Nair,atharv.nair269@email.com,Jaipur,Rajasthan,2023-09-27
270,Diya,Sharma,diya.sharma270@email.com,Mumbai,Maharashtra,2023-09-28
271,Isha,Patel,isha.patel271@email.com,Delhi,Delhi,2023-09-29
272,Kavya,Singh,kavya.singh272@email.com,Bangalore,Karnataka,2023-09-30
273,Ananya,Gupta,ananya.gupta273@email.com,Hyderabad,Telangana,2023-10-01
274,Aadhya,Kumar,aadhya.kumar274@email.com,Ahmedabad,Gujarat,2023-10-02
275,Riya,Reddy,riya.reddy275@email.com,Chennai,Tamil Nadu,2023-10-03
276,Aarohi,Joshi,aarohi.joshi276@email.com,Kolkata,West Bengal,2023-10-04
277,Avni,Mehta,avni.mehta277@email.com,Surat,Gujarat,2023-10-05
278,Khushi,Chauhan,khushi.chauhan278@email.com,Pune,Maharashtra,2023-10-06
279,Neha,Nair,neha.nair279@email.com,Jaipur,Rajasthan,2023-10-07
280,Aarav,Sharma,aarav.sharma280@email.com,Mumbai,Maharashtra,2023-10-08
281,Vihaan,Patel,vihaan.patel281@email.com,Delhi,Delhi,2023-10-09
282,Aditya,Singh,aditya.singh282@email.com,Bangalore,Karnataka,2023-10-10
283,Arjun,Gupta,arjun.gupta283@email.com,Hyderabad,Telangana,2023-10-11
284,Sai,Kumar,sai.kumar284@email.com,Ahmedabad,Gujarat,2023-10-12
285,Ayaan,Reddy,ayaan.reddy285@email.com,Chennai,Tamil Nadu,2023-10-13
286,Krishna,Joshi,krishna.joshi286@email.com,Kolkata,West Bengal,2023-10-14
287,Ishaan,Mehta,ishaan.mehta287@email.com,Surat,Gujarat,2023-10-15
288,Shaurya,Chauhan,shaurya.chauhan288@email.com,Pune,Maharashtra,2023-10-16
289,Atharv,Nair,atharv.nair289@email.com,Jaipur,Rajasthan,2023-10-17
290,Diya,Sharma,diya.sharma290@email.com,Mumbai,Maharashtra,2023-10-18
291,Isha,Patel,isha.patel291@email.com,Delhi,Delhi,2023-10-19
292,Kavya,Singh,kavya.singh292@email.com,Bangalore,Karnataka,2023-10-20
293,Ananya,Gupta,ananya.gupta293@email.com,Hyderabad,Telangana,2023-10-21
294,Aadhya,Kumar,aadhya.kumar294@email.com,Ahmedabad,Gujarat,2023-10-22
295,Riya,Reddy,riya.reddy295@email.com,Chennai,Tamil Nadu,2023-10-23
296,Aarohi,Joshi,aarohi.joshi296@email.com,Kolkata,West Bengal,2023-10-24
297,Avni,Mehta,avni.mehta297@email.com,Surat,Gujarat,2023-10-25
298,Khushi,Chauhan,khushi.chauhan298@email.com,Pune,Maharashtra,2023-10-26
299,Neha,Nair,neha.nair299@email.com,Jaipur,Rajasthan,2023-10-27
300,Aarav,Sharma,aarav.sharma300@email.com,Mumbai,Maharashtra,2023-10-28
301,Vihaan,Patel,vihaan.patel301@email.com,Delhi,Delhi,2023-10-29
302,Aditya,Singh,aditya.singh302@email.com,Bangalore,Karnataka,2023-10-30
303,Arjun,Gupta,arjun.gupta303@email.com,Hyderabad,Telangana,2023-10-31
304,Sai,Kumar,sai.kumar304@email.com,Ahmedabad,Gujarat,2023-11-01
305,Ayaan,Reddy,ayaan.reddy305@email.com,Chennai,Tamil Nadu,2023-11-02
306,Krishna,Joshi,krishna.joshi306@email.com,Kolkata,West Bengal,2023-11-03
307,Ishaan,Mehta,ishaan.mehta307@email.com,Surat,Gujarat,2023-11-04
308,Shaurya,Chauhan,shaurya.chauhan308@email.com,Pune,Maharashtra,2023-11-05
309,Atharv,Nair,atharv.nair309@email.com,Jaipur,Rajasthan,2023-11-06
310,Diya,Sharma,diya.sharma310@email.com,Mumbai,Maharashtra,2023-11-07
311,Isha,Patel,isha.patel311@email.com,Delhi,Delhi,2023-11-08
312,Kavya,Singh,kavya.singh312@email.com,Bangalore,Karnataka,2023-11-09
313,Ananya,Gupta,ananya.gupta313@email.com,Hyderabad,Telangana,2023-11-10
314,Aadhya,Kumar,aadhya.kumar314@email.com,Ahmedabad,Gujarat,2023-11-11
315,Riya,Reddy,riya.reddy315@email.com,Chennai,Tamil Nadu,2023-11-12
316,Aarohi,Joshi,aarohi.joshi316@email.com,Kolkata,West Bengal,2023-11-13
317,Avni,Mehta,avni.mehta317@email.com,Surat,Gujarat,2023-11-14
318,Khushi,Chauhan,khushi.chauhan318@email.com,Pune,Maharashtra,2023-11-15
319,Neha,Nair,neha.nair319@email.com,Jaipur,Rajasthan,2023-11-16
320,Aarav,Sharma,aarav.sharma320@email.com,Mumbai,Maharashtra,2023-11-17
321,Vihaan,Patel,vihaan.patel321@email.com,Delhi,Delhi,2023-11-18
322,Aditya,Singh,aditya.singh322@email.com,Bangalore,Karnataka,2023-11-19
323,Arjun,Gupta,arjun.gupta323@email.com,Hyderabad,Telangana,2023-11-20
324,Sai,Kumar,sai.kumar324@email.com,Ahmedabad,Gujarat,2023-11-21
325,Ayaan,Reddy,ayaan.reddy325@email.com,Chennai,Tamil Nadu,2023-11-22
326,Krishna,Joshi,krishna.joshi326@email.com,Kolkata,West Bengal,2023-11-23
327,Ishaan,Mehta,ishaan.mehta327@email.com,Surat,Gujarat,2023-11-24
328,Shaurya,Chauhan,shaurya.chauhan328@email.com,Pune,Maharashtra,2023-11-25
329,Atharv,Nair,atharv.nair329@email.com,Jaipur,Rajasthan,2023-11-26
330,Diya,Sharma,diya.sharma330@email.com,Mumbai,Maharashtra,2023-11-27
331,Isha,Patel,isha.patel331@email.com,Delhi,Delhi,2023-11-28
332,Kavya,Singh,kavya.singh332@email.com,Bangalore,Karnataka,2023-11-29
333,Ananya,Gupta,ananya.gupta333@email.com,Hyderabad,Telangana,2023-11-30
334,Aadhya,Kumar,aadhya.kumar334@email.com,Ahmedabad,Gujarat,2023-12-01
335,Riya,Reddy,riya.reddy335@email.com,Chennai,Tamil Nadu,2023-12-02
336,Aarohi,Joshi,aarohi.joshi336@email.com,Kolkata,West Bengal,2023-12-03
337,Avni,Mehta,avni.mehta337@email.com,Surat,Gujarat,2023-12-04
338,Khushi,Chauhan,khushi.chauhan338@email.com,Pune,Maharashtra,2023-12-05
339,Neha,Nair,neha.nair339@email.com,Jaipur,Rajasthan,2023-12-06
340,Aarav,Sharma,aarav.sharma340@email.com,Mumbai,Maharashtra,2023-12-07
341,Vihaan,Patel,vihaan.patel341@email.com,Delhi,Delhi,2023-12-08
342,Aditya,Singh,aditya.singh342@email.com,Bangalore,Karnataka,2023-12-09
343,Arjun,Gupta,arjun.gupta343@email.com,Hyderabad,Telangana,2023-12-10
344,Sai,Kumar,sai.kumar344@email.com,Ahmedabad,Gujarat,2023-12-11
345,Ayaan,Reddy,ayaan.reddy345@email.com,Chennai,Tamil Nadu,2023-12-12
346,Krishna,Joshi,krishna.joshi346@email.com,Kolkata,West Bengal,2023-12-13
347,Ishaan,Mehta,ishaan.mehta347@email.com,Surat,Gujarat,2023-12-14
348,Shaurya,Chauhan,shaurya.chauhan348@email.com,Pune,Maharashtra,2023-12-15
349,Atharv,Nair,atharv.nair349@email.com,Jaipur,Rajasthan,2023-12-16
350,Diya,Sharma,diya.sharma350@email.com,Mumbai,Maharashtra,2023-12-17
351,Isha,Patel,isha.patel351@email.com,Delhi,Delhi,2023-12-18
352,Kavya,Singh,kavya.singh352@email.com,Bangalore,Karnataka,2023-12-19
353,Ananya,Gupta,ananya.gupta353@email.com,Hyderabad,Telangana,2023-12-20
354,Aadhya,Kumar,aadhya.kumar354@email.com,Ahmedabad,Gujarat,2023-12-21
355,Riya,Reddy,riya.reddy355@email.com,Chennai,Tamil Nadu,2023-12-22
356,Aarohi,Joshi,aarohi.joshi356@email.com,Kolkata,West Bengal,2023-12-23
357,Avni,Mehta,avni.mehta357@email.com,Surat,Gujarat,2023-12-24
358,Khushi,Chauhan,khushi.chauhan358@email.com,Pune,Maharashtra,2023-12-25
359,Neha,Nair,neha.nair359@email.com,Jaipur,Rajasthan,2023-12-26
360,Aarav,Sharma,aarav.sharma360@email.com,Mumbai,Maharashtra,2023-12-27
361,Vihaan,Patel,vihaan.patel361@email.com,Delhi,Delhi,2023-12-28
362,Aditya,Singh,aditya.singh362@email.com,Bangalore,Karnataka,2023-12-29
363,Arjun,Gupta,arjun.gupta363@email.com,Hyderabad,Telangana,2023-12-30
364,Sai,Kumar,sai.kumar364@email.com,Ahmedabad,Gujarat,2023-12-31
365,Ayaan,Reddy,ayaan.reddy365@email.com,Chennai,Tamil Nadu,2023-01-01
366,Krishna,Joshi,krishna.joshi366@email.com,Kolkata,West Bengal,2023-01-02
367,Ishaan,Mehta,ishaan.mehta367@email.com,Surat,Gujarat,2023-01-03
368,Shaurya,Chauhan,shaurya.chauhan368@email.com,Pune,Maharashtra,2023-01-04
369,Atharv,Nair,atharv.nair369@email.com,Jaipur,Rajasthan,2023-01-05
370,Diya,Sharma,diya.sharma370@email.com,Mumbai,Maharashtra,2023-01-06
371,Isha,Patel,isha.patel371@email.com,Delhi,Delhi,2023-01-07
372,Kavya,Singh,kavya.singh372@email.com,Bangalore,Karnataka,2023-01-08
373,Ananya,Gupta,ananya.gupta373@email.com,Hyderabad,Telangana,2023-01-09
374,Aadhya,Kumar,aadhya.kumar374@email.com,Ahmedabad,Gujarat,2023-01-10
375,Riya,Reddy,riya.reddy375@email.com,Chennai,Tamil Nadu,2023-01-11
376,Aarohi,Joshi,aarohi.joshi376@email.com,Kolkata,West Bengal,2023-01-12
377,Avni,Mehta,avni.mehta377@email.com,Surat,Gujarat,2023-01-13
378,Khushi,Chauhan,khushi.chauhan378@email.com,Pune,Maharashtra,2023-01-14
379,Neha,Nair,neha.nair379@email.com,Jaipur,Rajasthan,2023-01-15
380,Aarav,Sharma,aarav.sharma380@email.com,Mumbai,Maharashtra,2023-01-16
381,Vihaan,Patel,vihaan.patel381@email.com,Delhi,Delhi,2023-01-17
382,Aditya,Singh,aditya.singh382@email.com,Bangalore,Karnataka,2023-01-18
383,Arjun,Gupta,arjun.gupta383@email.com,Hyderabad,Telangana,2023-01-19
384,Sai,Kumar,sai.kumar384@email.com,Ahmedabad,Gujarat,2023-01-20
385,Ayaan,Reddy,ayaan.reddy385@email.com,Chennai,Tamil Nadu,2023-01-21
386,Krishna,Joshi,krishna.joshi386@email.com,Kolkata,West Bengal,2023-01-22
387,Ishaan,Mehta,ishaan.mehta387@email.com,Surat,Gujarat,2023-01-23
388,Shaurya,Chauhan,shaurya.chauhan388@email.com,Pune,Maharashtra,2023-01-24
389,Atharv,Nair,atharv.nair389@email.com,Jaipur,Rajasthan,2023-01-25
390,Diya,Sharma,diya.sharma390@email.com,Mumbai,Maharashtra,2023-01-26
391,Isha,Patel,isha.patel391@email.com,Delhi,Delhi,2023-01-27
392,Kavya,Singh,kavya.singh392@email.com,Bangalore,Karnataka,2023-01-28
393,Ananya,Gupta,ananya.gupta393@email.com,Hyderabad,Telangana,2023-01-29
394,Aadhya,Kumar,aadhya.kumar394@email.com,Ahmedabad,Gujarat,2023-01-30
395,Riya,Reddy,riya.reddy395@email.com,Chennai,Tamil Nadu,2023-01-31
396,Aarohi,Joshi,aarohi.joshi396@email.com,Kolkata,West Bengal,2023-02-01
397,Avni,Mehta,avni.mehta397@email.com,Surat,Gujarat,2023-02-02
398,Khushi,Chauhan,khushi.chauhan398@email.com,Pune,Maharashtra,2023-02-03
399,Neha,Nair,neha.nair399@email.com,Jaipur,Rajasthan,2023-02-04
400,Aarav,Sharma,aarav.sharma400@email.com,Mumbai,Maharashtra,2023-02-05
401,Vihaan,Patel,vihaan.patel401@email.com,Delhi,Delhi,2023-02-06
402,Aditya,Singh,aditya.singh402@email.com,Bangalore,Karnataka,2023-02-07
403,Arjun,Gupta,arjun.gupta403@email.com,Hyderabad,Telangana,2023-02-08
404,Sai,Kumar,sai.kumar404@email.com,Ahmedabad,Gujarat,2023-02-09
405,Ayaan,Reddy,ayaan.reddy405@email.com,Chennai,Tamil Nadu,2023-02-10
406,Krishna,Joshi,krishna.joshi406@email.com,Kolkata,West Bengal,2023-02-11
407,Ishaan,Mehta,ishaan.mehta407@email.com,Surat,Gujarat,2023-02-12
408,Shaurya,Chauhan,shaurya.chauhan408@email.com,Pune,Maharashtra,2023-02-13
409,Atharv,Nair,atharv.nair409@email.com,Jaipur,Rajasthan,2023-02-14
410,Diya,Sharma,diya.sharma410@email.com,Mumbai,Maharashtra,2023-02-15
411,Isha,Patel,isha.patel411@email.com,Delhi,Delhi,2023-02-16
412,Kavya,Singh,kavya.singh412@email.com,Bangalore,Karnataka,2023-02-17
413,Ananya,Gupta,ananya.gupta413@email.com,Hyderabad,Telangana,2023-02-18
414,Aadhya,Kumar,aadhya.kumar414@email.com,Ahmedabad,Gujarat,2023-02-19
415,Riya,Reddy,riya.reddy415@email.com,Chennai,Tamil Nadu,2023-02-20
416,Aarohi,Joshi,aarohi.joshi416@email.com,Kolkata,West Bengal,2023-02-21
417,Avni,Mehta,avni.mehta417@email.com,Surat,Gujarat,2023-02-22
418,Khushi,Chauhan,khushi.chauhan418@email.com,Pune,Maharashtra,2023-02-23
419,Neha,Nair,neha.nair419@email.com,Jaipur,Rajasthan,2023-02-24
420,Aarav,Sharma,aarav.sharma420@email.com,Mumbai,Maharashtra,2023-02-25
421,Vihaan,Patel,vihaan.patel421@email.com,Delhi,Delhi,2023-02-26
422,Aditya,Singh,aditya.singh422@email.com,Bangalore,Karnataka,2023-02-27
423,Arjun,Gupta,arjun.gupta423@email.com,Hyderabad,Telangana,2023-02-28
424,Sai,Kumar,sai.kumar424@email.com,Ahmedabad,Gujarat,2023-03-01
425,Ayaan,Reddy,ayaan.reddy425@email.com,Chennai,Tamil Nadu,2023-03-02
426,Krishna,Joshi,krishna.joshi426@email.com,Kolkata,West Bengal,2023-03-03
427,Ishaan,Mehta,ishaan.mehta427@email.com,Surat,Gujarat,2023-03-04
428,Shaurya,Chauhan,shaurya.chauhan428@email.com,Pune,Maharashtra,2023-03-05
429,Atharv,Nair,atharv.nair429@email.com,Jaipur,Rajasthan,2023-03-06
430,Diya,Sharma,diya.sharma430@email.com,Mumbai,Maharashtra,2023-03-07
431,Isha,Patel,isha.patel431@email.com,Delhi,Delhi,2023-03-08
432,Kavya,Singh,kavya.singh432@email.com,Bangalore,Karnataka,2023-03-09
433,Ananya,Gupta,ananya.gupta433@email.com,Hyderabad,Telangana,2023-03-10
434,Aadhya,Kumar,aadhya.kumar434@email.com,Ahmedabad,Gujarat,2023-03-11
435,Riya,Reddy,riya.reddy435@email.com,Chennai,Tamil Nadu,2023-03-12
436,Aarohi,Joshi,aarohi.joshi436@email.com,Kolkata,West Bengal,2023-03-13
437,Avni,Mehta,avni.mehta437@email.com,Surat,Gujarat,2023-03-14
438,Khushi,Chauhan,khushi.chauhan438@email.com,Pune,Maharashtra,2023-03-15
439,Neha,Nair,neha.nair439@email.com,Jaipur,Rajasthan,2023-03-16
440,Aarav,Sharma,aarav.sharma440@email.com,Mumbai,Maharashtra,2023-03-17
441,Vihaan,Patel,vihaan.patel441@email.com,Delhi,Delhi,2023-03-18
442,Aditya,Singh,aditya.singh442@email.com,Bangalore,Karnataka,2023-03-19
443,Arjun,Gupta,arjun.gupta443@email.com,Hyderabad,Telangana,2023-03-20
444,Sai,Kumar,sai.kumar444@email.com,Ahmedabad,Gujarat,2023-03-21
445,Ayaan,Reddy,ayaan.reddy445@email.com,Chennai,Tamil Nadu,2023-03-22
446,Krishna,Joshi,krishna.joshi446@email.com,Kolkata,West Bengal,2023-03-23
447,Ishaan,Mehta,ishaan.mehta447@email.com,Surat,Gujarat,2023-03-24
448,Shaurya,Chauhan,shaurya.chauhan448@email.com,Pune,Maharashtra,2023-03-25
449,Atharv,Nair,atharv.nair449@email.com,Jaipur,Rajasthan,2023-03-26
450,Diya,Sharma,diya.sharma450@email.com,Mumbai,Maharashtra,2023-03-27
451,Isha,Patel,isha.patel451@email.com,Delhi,Delhi,2023-03-28
452,Kavya,Singh,kavya.singh452@email.com,Bangalore,Karnataka,2023-03-29
453,Ananya,Gupta,ananya.gupta453@email.com,Hyderabad,Telangana,2023-03-30
454,Aadhya,Kumar,aadhya.kumar454@email.com,Ahmedabad,Gujarat,2023-03-31
455,Riya,Reddy,riya.reddy455@email.com,Chennai,Tamil Nadu,2023-04-01
456,Aarohi,Joshi,aarohi.joshi456@email.com,Kolkata,West Bengal,2023-04-02
457,Avni,Mehta,avni.mehta457@email.com,Surat,Gujarat,2023-04-03
458,Khushi,Chauhan,khushi.chauhan458@email.com,Pune,Maharashtra,2023-04-04
459,Neha,Nair,neha.nair459@email.com,Jaipur,Rajasthan,2023-04-05
460,Aarav,Sharma,aarav.sharma460@email.com,Mumbai,Maharashtra,2023-04-06
461,Vihaan,Patel,vihaan.patel461@email.com,Delhi,Delhi,2023-04-07
462,Aditya,Singh,aditya.singh462@email.com,Bangalore,Karnataka,2023-04-08
463,Arjun,Gupta,arjun.gupta463@email.com,Hyderabad,Telangana,2023-04-09
464,Sai,Kumar,sai.kumar464@email.com,Ahmedabad,Gujarat,2023-04-10
465,Ayaan,Reddy,ayaan.reddy465@email.com,Chennai,Tamil Nadu,2023-04-11
466,Krishna,Joshi,krishna.joshi466@email.com,Kolkata,West Bengal,2023-04-12
467,Ishaan,Mehta,ishaan.mehta467@email.com,Surat,Gujarat,2023-04-13
468,Shaurya,Chauhan,shaurya.chauhan468@email.com,Pune,Maharashtra,2023-04-14
469,Atharv,Nair,atharv.nair469@email.com,Jaipur,Rajasthan,2023-04-15
470,Diya,Sharma,diya.sharma470@email.com,Mumbai,Maharashtra,2023-04-16
471,Isha,Patel,isha.patel471@email.com,Delhi,Delhi,2023-04-17
472,Kavya,Singh,kavya.singh472@email.com,Bangalore,Karnataka,2023-04-18
473,Ananya,Gupta,ananya.gupta473@email.com,Hyderabad,Telangana,2023-04-19
474,Aadhya,Kumar,aadhya.kumar474@email.com,Ahmedabad,Gujarat,2023-04-20
475,Riya,Reddy,riya.reddy475@email.com,Chennai,Tamil Nadu,2023-04-21
476,Aarohi,Joshi,aarohi.joshi476@email.com,Kolkata,West Bengal,2023-04-22
477,Avni,Mehta,avni.mehta477@email.com,Surat,Gujarat,2023-04-23
478,Khushi,Chauhan,khushi.chauhan478@email.com,Pune,Maharashtra,2023-04-24
479,Neha,Nair,neha.nair479@email.com,Jaipur,Rajasthan,2023-04-25
480,Aarav,Sharma,aarav.sharma480@email.com,Mumbai,Maharashtra,2023-04-26
481,Vihaan,Patel,vihaan.patel481@email.com,Delhi,Delhi,2023-04-27
482,Aditya,Singh,aditya.singh482@email.com,Bangalore,Karnataka,2023-04-28
483,Arjun,Gupta,arjun.gupta483@email.com,Hyderabad,Telangana,2023-04-29
484,Sai,Kumar,sai.kumar484@email.com,Ahmedabad,Gujarat,2023-04-30
485,Ayaan,Reddy,ayaan.reddy485@email.com,Chennai,Tamil Nadu,2023-05-01
486,Krishna,Joshi,krishna.joshi486@email.com,Kolkata,West Bengal,2023-05-02
487,Ishaan,Mehta,ishaan.mehta487@email.com,Surat,Gujarat,2023-05-03
488,Shaurya,Chauhan,shaurya.chauhan488@email.com,Pune,Maharashtra,2023-05-04
489,Atharv,Nair,atharv.nair489@email.com,Jaipur,Rajasthan,2023-05-05
490,Diya,Sharma,diya.sharma490@email.com,Mumbai,Maharashtra,2023-05-06
491,Isha,Patel,isha.patel491@email.com,Delhi,Delhi,2023-05-07
492,Kavya,Singh,kavya.singh492@email.com,Bangalore,Karnataka,2023-05-08
493,Ananya,Gupta,ananya.gupta493@email.com,Hyderabad,Telangana,2023-05-09
494,Aadhya,Kumar,aadhya.kumar494@email.com,Ahmedabad,Gujarat,2023-05-10
495,Riya,Reddy,riya.reddy495@email.com,Chennai,Tamil Nadu,2023-05-11
496,Aarohi,Joshi,aarohi.joshi496@email.com,Kolkata,West Bengal,2023-05-12
497,Avni,Mehta,avni.mehta497@email.com,Surat,Gujarat,2023-05-13
498,Khushi,Chauhan,khushi.chauhan498@email.com,Pune,Maharashtra,2023-05-14
499,Neha,Nair,neha.nair499@email.com,Jaipur,Rajasthan,2023-05-15
500,Aarav,Sharma,aarav.sharma500@email.com,Mumbai,Maharashtra,2023-05-16
